,precision,recall,f1-score,support
0,0.9468085106382979,0.9888888888888889,0.967391304347826,90.0
1,0.9795918367346939,0.9056603773584906,0.9411764705882353,53.0
accuracy,0.958041958041958,0.958041958041958,0.958041958041958,0.958041958041958
macro avg,0.9632001736864959,0.9472746331236898,0.9542838874680306,143.0
weighted avg,0.9589589741565424,0.958041958041958,0.9576753170103554,143.0
